Name,Created,Tags
Microsoft,"May 1, 2023 1:43 PM",
Office 365,"May 1, 2023 1:43 PM",
Monday.com,"May 1, 2023 1:43 PM",
Mailchimp,"May 1, 2023 1:45 PM",
GoToMeeting,"May 1, 2023 1:45 PM",
Linkedin,"May 1, 2023 1:46 PM",
LastPass,"May 1, 2023 1:47 PM",
Intuit,"May 1, 2023 1:47 PM",
Instagram,"May 1, 2023 1:47 PM",
H&R Block,"May 1, 2023 1:48 PM",
Groupon,"May 1, 2023 1:48 PM",
Google Drive,"May 1, 2023 1:48 PM",
GoDaddy,"May 1, 2023 1:49 PM",
Github,"May 1, 2023 1:49 PM",
Fedex,"May 1, 2023 1:50 PM",
Express VPN,"May 1, 2023 1:50 PM",
ESPN,"May 1, 2023 1:51 PM",
Dropbox,"May 1, 2023 1:51 PM",
DoorDash,"May 1, 2023 1:52 PM",
Docusign,"May 1, 2023 1:52 PM",
Calendly,"May 1, 2023 1:53 PM",
Google,"May 1, 2023 1:53 PM",
Amazon,"May 1, 2023 1:53 PM",
Netflix,"May 1, 2023 1:54 PM",
Apple,"May 1, 2023 1:54 PM",
PayPal,"May 1, 2023 1:55 PM",